<?xml version="1.0" encoding="UTF-8"?>
<project-private xmlns="http://www.netbeans.org/ns/project-private/1">
    <editor-bookmarks xmlns="http://www.netbeans.org/ns/editor-bookmarks/2" lastBookmarkId="0"/>
    <open-files xmlns="http://www.netbeans.org/ns/projectui-open-files/2">
        <group>
            <file>file:/E:/java/PikachuGamee/src/controller/ButtonEvent.java</file>
            <file>file:/E:/java/PikachuGamee/src/controller/Main.java</file>
            <file>file:/E:/java/PikachuGamee/src/controller/MainFrame.java</file>
            <file>file:/E:/java/PikachuGamee/src/controller/PointLine.java</file>
            <file>file:/E:/java/PikachuGamee/src/controller/Controller.java</file>
            <file>file:/E:/java/PikachuGamee/src/controller/DAO_pikachu.java</file>
        </group>
    </open-files>
</project-private>
